<?xml version="1.0" encoding="UTF-8"?>
<project-private xmlns="http://www.netbeans.org/ns/project-private/1">
    <editor-bookmarks xmlns="http://www.netbeans.org/ns/editor-bookmarks/2" lastBookmarkId="0"/>
    <open-files xmlns="http://www.netbeans.org/ns/projectui-open-files/2">
        <group>
            <file>file:/C:/Users/User/Documents/NetBeansProjects/PersonalAssignment_D210231C/src/personalassignment_d210231c/PersonalAssignment_D210231C.java</file>
            <file>file:/C:/Users/User/Documents/NetBeansProjects/PersonalAssignment_D210231C/src/personalassignment_d210231c/PhysicalBook.java</file>
            <file>file:/C:/Users/User/Documents/NetBeansProjects/PersonalAssignment_D210231C/src/personalassignment_d210231c/main.java</file>
            <file>file:/C:/Users/User/Documents/NetBeansProjects/PersonalAssignment_D210231C/src/personalassignment_d210231c/Book.java</file>
            <file>file:/C:/Users/User/Documents/NetBeansProjects/PersonalAssignment_D210231C/src/personalassignment_d210231c/Ebook.java</file>
        </group>
    </open-files>
</project-private>
